{
  "Bus": [
    {
      "id": 111,
      "sourceStation": "Darjeeling",
      "destinationStation": "Delhi",
      "boardingTime": "2020-05-18 04:30",
      "dropTime": "2020-05-20 15:30",
      "busType": "AC Bus",
      "totalSeats": 30,
      "fare": 450,
      "SeatNo": 16,
      "seatsBooked": 11
    },
    {
      "id": 110,
      "sourceStation": "Delhi",
      "destinationStation": "Lucknow",
      "boardingTime": "2020-03-10 5:30",
      "dropTime": "2020-03-10 10:30",
      "busType": "Volvo",
      "totalSeats": 34,
      "fare": 800,
      "SeatNo": 16,
      "seatsBooked": 10
    },
    {
      "id": 140,
      "sourceStation": "Mumbai",
      "destinationStation": "Lucknow",
      "boardingTime": "2020-05-19 05:30",
      "dropTime": "2020-05-21 10:30",
      "busType": "AC BUS",
      "totalSeats": 40,
      "fare": 950,
      "SeatNo": 16,
      "seatsBooked": 11
    },
    {
      "id": 120,
      "sourceStation": "Mumbai",
      "destinationStation": "Pune",
      "boardingTime": "2020-03-10 5:30",
      "dropTime": "2020-03-10 7:30",
      "busType": "Sleeper",
      "totalSeats": 40,
      "fare": 1200,
      "SeatNo": 17,
      "seatsBooked": 4
    },
    {
      "id": 109,
      "sourceStation": "Delhi",
      "destinationStation": "Gandhinagar",
      "boardingTime": "2020-03-10 5:30",
      "dropTime": "2020-03-11 9:30",
      "busType": "Non-AC Bus",
      "totalSeats": 44,
      "fare": 1050,
      "SeatNo": 18,
      "seatsBooked": 0
    },
    {
      "id": 112,
      " sourceStation": "Talawade",
      "destinationStation": "Ahmednagar",
      "boardingTime": "2020-05-10 4:30",
      "dropTime": "2020-05-10 5:30",
      "busType": "Double-Decker",
      "totalSeats": 47,
      "fare": 500,
      "SeatNo": 2,
      "seatsBooked": 12
    },
    {
      "id": 150,
      "sourceStation": "Lucknow",
      "destinationStation": "Delhi",
      "busType": "Volvo",
      "fare": 250,
      "SeatNo": null,
      "totalSeats": 26,
      "boardingTime": "2020-07-11 05:30",
      "dropTime": "2020-07-11 10:30",
      "seatsBooked": null
    },
    {
      "id": 160,
      "sourceStation": "Jaipur",
      "destinationStation": "Gandhi Nagar",
      "busType": "AC Bus",
      "fare": 1500,
      "SeatNo": null,
      "totalSeats": 26,
      "boardingTime": "2020-03-11 05:30",
      "dropTime": "2020-03-12 02:50",
      "seatsBooked": null
    },
    {
      "id": 170,
      "sourceStation": "Noida Sec-18",
      "destinationStation": "Noida Sec-62",
      "busType": "Volvo",
      "fare": 100,
      "SeatNo": null,
      "totalSeats": 40,
      "boardingTime": "2020-03-12 04:00",
      "dropTime": "2020-03-12 06:50",
      "seatsBooked": null
    },
    {
      "id": 180,
      "sourceStation": "New Delhi",
      "destinationStation": "Jaipur",
      "busType": "AC Bus",
      "fare": 1300,
      "SeatNo": null,
      "totalSeats": 40,
      "boardingTime": "2020-05-01 12:00",
      "dropTime": "2020-05-02  01:00",
      "seatsBooked": null
    },
    {
      "id": 1000,
      "sourceStation": "Pune",
      "destinationStation": "Gandhi Nagar",
      "busType": "Volvo",
      "fare": 1200,
      "SeatNo": null,
      "totalSeats": 40,
      "boardingTime": "2020-03-12 04:00",
      "dropTime": "2020-03-12 06:50",
      "seatsBooked": null
    }
  
  ],
  "Customer": [
    {
      "customerName": "Shivam Singh",
      "customerPhoneNumber": "8563030333",
      "customerEmail": "shivamsingh7455@gmail.com",
      "id": 1273,
      "customerUserName": "Shivam2610",
      "customerPassword": "Shivam2610"
    },
    {
      "customerName": "Amaan Ahmad",
      "customerPhoneNumber": "7894561235",
      "customerEmail": "amaan.ahmad7@gmail.com",
      "id": 1231,
      "customerUserName": "amaahmad",
      "customerPassword": "amaan123",
      "Age": 23
    },
    {
      "customerName": "Yash Bhatia",
      "customerPhoneNumber": "7984651324",
      "customerEmail": "yash.bhatia@gmail.com",
      "id": 1241,
      "customerUserName": "ybhatia",
      "customerPassword": "y@$hbhatia",
      "Age": 23
    },
    {
      "customerName": "shivani sharma",
      "customerPhoneNumber": "7964581325",
      "customerEmail": "shivani.sharma@gmail.com",
      "id": 1272,
      "customerUserName": "ssharma",
      "customerPassword": "shivani1235"
    },
    {
      "customerName": "Shivam",
      "customerPhoneNumber": 9891374307,
      "customerEmail": "shivamsingh@gmail.com",
      "id": 100,
      "customerUserName": "Shivam2610",
      "customerPassword": "Shivam@123",
      "age": 23
    },
    {
      "customerName": "Shivam",
      "customerPhoneNumber": 9891374307,
      "customerEmail": "shivamsingh455@gmail.com",
      "id": 1274,
      "customerUserName": "Shivam2611",
      "customerPassword": "Shivam2512",
      "age": 23
    },
    {
      "customerName": "Shubham",
      "customerPhoneNumber": 9891374307,
      "customerEmail": "Shubham",
      "id": 1275,
      "customerUserName": "Shivam26",
      "customerPassword": "Shivam@123",
      "age": 23
    },
    {
      "customerName": "Yash",
      "customerPhoneNumber": 7982018116,
      "customerEmail": "yash.yb97@gmail.com",
      "id": 1276,
      "customerUserName": "ybhatia",
      "customerPassword": "Yash@123",
      "age": 23
    },
    {
      "customerName": "Shivani",
      "customerPhoneNumber": 9876543210,
      "customerEmail": "shivani@gmail.com",
      "id": 1277,
      "customerUserName": "shivani@gmail.com",
      "customerPassword": "shivani",
      "age": 23
    }
  ],
  "Booking": [
    {
      "id": 81,
      "busId": 111,
      "passengerNames": [
        "Divyansh"
      ],
      "seatBooked": 1,
      "passengerEmail": "divyansh.soni@gmail.com",
      "totalFare": 900,
      "feedBack": "null",
      "rating": 0
    },
    {
      "id": 51,
      "busId": 111,
      "passengerNames": [
        "Gaurav, Puneet"
      ],
      "seatBooked": 2,
      "passengerEmail": "gaurav.kumar@gmail.com",
      "totalFare": 1800,
      "feedBack": "null",
      "rating": 0
    },
    {
      "id": 52,
      "busId": 111,
      "passengerNames": [
        "Yash"
      ],
      "seatBooked": 1,
      "passengerEmail": "yash.bhatia@gmail.com",
      "totalFare": 900,
      "feedBack": "null",
      "rating": 0
    },
    {
      "id": 55,
      "busId": 111,
      "passengerNames": [
        "Zoya"
      ],
      "seatBooked": 1,
      "passengerEmail": "zoya.khan@gmail.com",
      "totalFare": 900,
      "feedBack": "null",
      "rating": 0
    },
    {
      "id": 65,
      "busId": 140,
      "passengerNames": [
        "Saumya, Sushma"
      ],
      "seatBooked": 2,
      "passengerEmail": "saumya.mishra@gmail.com",
      "totalFare": 1900,
      "feedBack": "null",
      "rating": 0
    },
    {
      "id": 66,
      "busId": 140,
      "passengerNames": [
        "Utkarsh, Shubham"
      ],
      "seatBooked": 2,
      "passengerEmail": "utkarsh.mittal@gmail.com",
      "totalFare": 1900,
      "feedBack": "null",
      "rating": 0
    }
  ]
}